{
  "hash": "e1bf85b2",
  "configHash": "5e95bfcc",
  "lockfileHash": "106d5469",
  "browserHash": "b438c0df",
  "optimized": {
    "@angular/core": {
      "src": "../../../../../../node_modules/@angular/core/fesm2022/core.mjs",
      "file": "@angular_core.js",
      "fileHash": "fc8ff9df",
      "needsInterop": false
    },
    "@angular/forms": {
      "src": "../../../../../../node_modules/@angular/forms/fesm2022/forms.mjs",
      "file": "@angular_forms.js",
      "fileHash": "2869ce2d",
      "needsInterop": false
    },
    "@angular/platform-browser": {
      "src": "../../../../../../node_modules/@angular/platform-browser/fesm2022/platform-browser.mjs",
      "file": "@angular_platform-browser.js",
      "fileHash": "69a754d0",
      "needsInterop": false
    },
    "@angular/router": {
      "src": "../../../../../../node_modules/@angular/router/fesm2022/router.mjs",
      "file": "@angular_router.js",
      "fileHash": "e684f2c4",
      "needsInterop": false
    }
  },
  "chunks": {
    "chunk-DOEMWEGF": {
      "file": "chunk-DOEMWEGF.js"
    },
    "chunk-NZL3ZPWJ": {
      "file": "chunk-NZL3ZPWJ.js"
    },
    "chunk-VKUFYADX": {
      "file": "chunk-VKUFYADX.js"
    }
  }
}